algorithm,cutoff,digits,trial,time_ns
schoolbook,NA,8,0,1300
karatsuba,1,8,0,100
karatsuba,4,8,0,100
karatsuba,8,8,0,100
karatsuba,16,8,0,100
karatsuba,32,8,0,100
karatsuba,64,8,0,100
schoolbook,NA,8,1,100
karatsuba,1,8,1,100
karatsuba,4,8,1,100
karatsuba,8,8,1,100
karatsuba,16,8,1,100
karatsuba,32,8,1,100
karatsuba,64,8,1,100
schoolbook,NA,8,2,0
karatsuba,1,8,2,100
karatsuba,4,8,2,100
karatsuba,8,8,2,0
karatsuba,16,8,2,100
karatsuba,32,8,2,100
karatsuba,64,8,2,100
schoolbook,NA,8,3,100
karatsuba,1,8,3,100
karatsuba,4,8,3,100
karatsuba,8,8,3,0
karatsuba,16,8,3,0
karatsuba,32,8,3,100
karatsuba,64,8,3,100
schoolbook,NA,8,4,100
karatsuba,1,8,4,0
karatsuba,4,8,4,100
karatsuba,8,8,4,100
karatsuba,16,8,4,100
karatsuba,32,8,4,100
karatsuba,64,8,4,100
schoolbook,NA,16,0,300
karatsuba,1,16,0,1800
karatsuba,4,16,0,100
karatsuba,8,16,0,100
karatsuba,16,16,0,100
karatsuba,32,16,0,100
karatsuba,64,16,0,100
schoolbook,NA,16,1,100
karatsuba,1,16,1,900
karatsuba,4,16,1,100
karatsuba,8,16,1,100
karatsuba,16,16,1,100
karatsuba,32,16,1,100
karatsuba,64,16,1,100
schoolbook,NA,16,2,0
karatsuba,1,16,2,900
karatsuba,4,16,2,100
karatsuba,8,16,2,100
karatsuba,16,16,2,100
karatsuba,32,16,2,100
karatsuba,64,16,2,100
schoolbook,NA,16,3,0
karatsuba,1,16,3,800
karatsuba,4,16,3,100
karatsuba,8,16,3,100
karatsuba,16,16,3,100
karatsuba,32,16,3,100
karatsuba,64,16,3,100
schoolbook,NA,16,4,100
karatsuba,1,16,4,900
karatsuba,4,16,4,100
karatsuba,8,16,4,100
karatsuba,16,16,4,100
karatsuba,32,16,4,100
karatsuba,64,16,4,100
schoolbook,NA,32,0,400
karatsuba,1,32,0,7300
karatsuba,4,32,0,200
karatsuba,8,32,0,200
karatsuba,16,32,0,200
karatsuba,32,32,0,100
karatsuba,64,32,0,200
schoolbook,NA,32,1,200
karatsuba,1,32,1,5100
karatsuba,4,32,1,200
karatsuba,8,32,1,200
karatsuba,16,32,1,200
karatsuba,32,32,1,200
karatsuba,64,32,1,200
schoolbook,NA,32,2,100
karatsuba,1,32,2,6300
karatsuba,4,32,2,200
karatsuba,8,32,2,200
karatsuba,16,32,2,200
karatsuba,32,32,2,200
karatsuba,64,32,2,100
schoolbook,NA,32,3,100
karatsuba,1,32,3,6400
karatsuba,4,32,3,200
karatsuba,8,32,3,200
karatsuba,16,32,3,100
karatsuba,32,32,3,100
karatsuba,64,32,3,100
schoolbook,NA,32,4,200
karatsuba,1,32,4,5200
karatsuba,4,32,4,200
karatsuba,8,32,4,100
karatsuba,16,32,4,200
karatsuba,32,32,4,100
karatsuba,64,32,4,100
schoolbook,NA,64,0,500
karatsuba,1,64,0,18800
karatsuba,4,64,0,2100
karatsuba,8,64,0,300
karatsuba,16,64,0,200
karatsuba,32,64,0,100
karatsuba,64,64,0,200
schoolbook,NA,64,1,200
karatsuba,1,64,1,12800
karatsuba,4,64,1,1800
karatsuba,8,64,1,300
karatsuba,16,64,1,300
karatsuba,32,64,1,200
karatsuba,64,64,1,200
schoolbook,NA,64,2,300
karatsuba,1,64,2,15200
karatsuba,4,64,2,1600
karatsuba,8,64,2,200
karatsuba,16,64,2,200
karatsuba,32,64,2,200
karatsuba,64,64,2,200
schoolbook,NA,64,3,200
karatsuba,1,64,3,17400
karatsuba,4,64,3,1600
karatsuba,8,64,3,200
karatsuba,16,64,3,200
karatsuba,32,64,3,200
karatsuba,64,64,3,300
schoolbook,NA,64,4,200
karatsuba,1,64,4,16500
karatsuba,4,64,4,1600
karatsuba,8,64,4,200
karatsuba,16,64,4,200
karatsuba,32,64,4,200
karatsuba,64,64,4,200
schoolbook,NA,128,0,700
karatsuba,1,128,0,46200
karatsuba,4,128,0,6900
karatsuba,8,128,0,2400
karatsuba,16,128,0,700
karatsuba,32,128,0,600
karatsuba,64,128,0,600
schoolbook,NA,128,1,600
karatsuba,1,128,1,46600
karatsuba,4,128,1,6600
karatsuba,8,128,1,2200
karatsuba,16,128,1,600
karatsuba,32,128,1,700
karatsuba,64,128,1,600
schoolbook,NA,128,2,600
karatsuba,1,128,2,40300
karatsuba,4,128,2,6300
karatsuba,8,128,2,2200
karatsuba,16,128,2,700
karatsuba,32,128,2,600
karatsuba,64,128,2,500
schoolbook,NA,128,3,600
karatsuba,1,128,3,91700
karatsuba,4,128,3,6400
karatsuba,8,128,3,2100
karatsuba,16,128,3,600
karatsuba,32,128,3,600
karatsuba,64,128,3,600
schoolbook,NA,128,4,700
karatsuba,1,128,4,41000
karatsuba,4,128,4,6200
karatsuba,8,128,4,2200
karatsuba,16,128,4,600
karatsuba,32,128,4,600
karatsuba,64,128,4,600
schoolbook,NA,256,0,2000
karatsuba,1,256,0,125600
karatsuba,4,256,0,22400
karatsuba,8,256,0,8800
karatsuba,16,256,0,4400
karatsuba,32,256,0,1900
karatsuba,64,256,0,1900
schoolbook,NA,256,1,1900
karatsuba,1,256,1,127200
karatsuba,4,256,1,21700
karatsuba,8,256,1,10100
karatsuba,16,256,1,4700
karatsuba,32,256,1,1900
karatsuba,64,256,1,1900
schoolbook,NA,256,2,1900
karatsuba,1,256,2,131800
karatsuba,4,256,2,22200
karatsuba,8,256,2,9000
karatsuba,16,256,2,4500
karatsuba,32,256,2,1900
karatsuba,64,256,2,2000
schoolbook,NA,256,3,2000
karatsuba,1,256,3,132800
karatsuba,4,256,3,22500
karatsuba,8,256,3,9300
karatsuba,16,256,3,4500
karatsuba,32,256,3,1900
karatsuba,64,256,3,1900
schoolbook,NA,256,4,1900
karatsuba,1,256,4,124200
karatsuba,4,256,4,22000
karatsuba,8,256,4,9000
karatsuba,16,256,4,4500
karatsuba,32,256,4,2000
karatsuba,64,256,4,2000
schoolbook,NA,512,0,7400
karatsuba,1,512,0,387300
karatsuba,4,512,0,70300
karatsuba,8,512,0,29300
karatsuba,16,512,0,16400
karatsuba,32,512,0,9500
karatsuba,64,512,0,7100
schoolbook,NA,512,1,7200
karatsuba,1,512,1,391000
karatsuba,4,512,1,77000
karatsuba,8,512,1,48000
karatsuba,16,512,1,17900
karatsuba,32,512,1,10400
karatsuba,64,512,1,7600
schoolbook,NA,512,2,8400
karatsuba,1,512,2,444400
karatsuba,4,512,2,83600
karatsuba,8,512,2,31700
karatsuba,16,512,2,18200
karatsuba,32,512,2,18400
karatsuba,64,512,2,8100
schoolbook,NA,512,3,8000
karatsuba,1,512,3,481700
karatsuba,4,512,3,72000
karatsuba,8,512,3,28800
karatsuba,16,512,3,15000
karatsuba,32,512,3,10100
karatsuba,64,512,3,7800
schoolbook,NA,512,4,7800
karatsuba,1,512,4,443500
karatsuba,4,512,4,77200
karatsuba,8,512,4,31700
karatsuba,16,512,4,16500
karatsuba,32,512,4,11000
karatsuba,64,512,4,8400
schoolbook,NA,1024,0,31800
karatsuba,1,1024,0,1409300
karatsuba,4,1024,0,245900
karatsuba,8,1024,0,99900
karatsuba,16,1024,0,51400
karatsuba,32,1024,0,34200
karatsuba,64,1024,0,31100
schoolbook,NA,1024,1,33500
karatsuba,1,1024,1,1552700
karatsuba,4,1024,1,260400
karatsuba,8,1024,1,97900
karatsuba,16,1024,1,53600
karatsuba,32,1024,1,35300
karatsuba,64,1024,1,33400
schoolbook,NA,1024,2,34500
karatsuba,1,1024,2,1413400
karatsuba,4,1024,2,246000
karatsuba,8,1024,2,95600
karatsuba,16,1024,2,50400
karatsuba,32,1024,2,35200
karatsuba,64,1024,2,32600
schoolbook,NA,1024,3,35100
karatsuba,1,1024,3,1455000
karatsuba,4,1024,3,249000
karatsuba,8,1024,3,103000
karatsuba,16,1024,3,54900
karatsuba,32,1024,3,36800
karatsuba,64,1024,3,34800
schoolbook,NA,1024,4,37300
karatsuba,1,1024,4,1554400
karatsuba,4,1024,4,267200
karatsuba,8,1024,4,102700
karatsuba,16,1024,4,54600
karatsuba,32,1024,4,37100
karatsuba,64,1024,4,34500
schoolbook,NA,2048,0,108700
karatsuba,1,2048,0,3858300
karatsuba,4,2048,0,742600
karatsuba,8,2048,0,273400
karatsuba,16,2048,0,152500
karatsuba,32,2048,0,108000
karatsuba,64,2048,0,101100
schoolbook,NA,2048,1,129900
karatsuba,1,2048,1,4398400
karatsuba,4,2048,1,752700
karatsuba,8,2048,1,300500
karatsuba,16,2048,1,165400
karatsuba,32,2048,1,113700
karatsuba,64,2048,1,106100
schoolbook,NA,2048,2,144200
karatsuba,1,2048,2,4683400
karatsuba,4,2048,2,773700
karatsuba,8,2048,2,342900
karatsuba,16,2048,2,191900
karatsuba,32,2048,2,114300
karatsuba,64,2048,2,108200
schoolbook,NA,2048,3,144400
karatsuba,1,2048,3,4862900
karatsuba,4,2048,3,803000
karatsuba,8,2048,3,309200
karatsuba,16,2048,3,169300
karatsuba,32,2048,3,121600
karatsuba,64,2048,3,108100
schoolbook,NA,2048,4,144400
karatsuba,1,2048,4,4648500
karatsuba,4,2048,4,756800
karatsuba,8,2048,4,298900
karatsuba,16,2048,4,162300
karatsuba,32,2048,4,121100
karatsuba,64,2048,4,107000
schoolbook,NA,4096,0,435400
karatsuba,1,4096,0,13088200
karatsuba,4,4096,0,2454600
karatsuba,8,4096,0,970200
karatsuba,16,4096,0,501800
karatsuba,32,4096,0,369200
karatsuba,64,4096,0,337800
schoolbook,NA,4096,1,583700
karatsuba,1,4096,1,15388700
karatsuba,4,4096,1,2173700
karatsuba,8,4096,1,1013100
karatsuba,16,4096,1,568300
karatsuba,32,4096,1,377600
karatsuba,64,4096,1,345600
schoolbook,NA,4096,2,599200
karatsuba,1,4096,2,14578600
karatsuba,4,4096,2,2139900
karatsuba,8,4096,2,913600
karatsuba,16,4096,2,480600
karatsuba,32,4096,2,346600
karatsuba,64,4096,2,316300
schoolbook,NA,4096,3,548700
karatsuba,1,4096,3,15772700
karatsuba,4,4096,3,2818500
karatsuba,8,4096,3,1068700
karatsuba,16,4096,3,556900
karatsuba,32,4096,3,411500
karatsuba,64,4096,3,379600
schoolbook,NA,4096,4,621500
karatsuba,1,4096,4,15731500
karatsuba,4,4096,4,2606600
karatsuba,8,4096,4,981100
karatsuba,16,4096,4,549100
karatsuba,32,4096,4,390600
karatsuba,64,4096,4,350200
schoolbook,NA,8192,0,2141600
karatsuba,1,8192,0,43161800
karatsuba,4,8192,0,7228200
karatsuba,8,8192,0,2875900
karatsuba,16,8192,0,1607600
karatsuba,32,8192,0,1120200
karatsuba,64,8192,0,1030400
schoolbook,NA,8192,1,2360200
karatsuba,1,8192,1,46587900
karatsuba,4,8192,1,6362600
karatsuba,8,8192,1,2635400
karatsuba,16,8192,1,1456900
karatsuba,32,8192,1,1045600
karatsuba,64,8192,1,941900
schoolbook,NA,8192,2,2174200
karatsuba,1,8192,2,44391600
karatsuba,4,8192,2,7537900
karatsuba,8,8192,2,2850500
karatsuba,16,8192,2,1570700
karatsuba,32,8192,2,1087300
karatsuba,64,8192,2,1024500
schoolbook,NA,8192,3,1846300
karatsuba,1,8192,3,41345200
karatsuba,4,8192,3,7336100
karatsuba,8,8192,3,2910600
karatsuba,16,8192,3,1569300
karatsuba,32,8192,3,1118900
karatsuba,64,8192,3,1040900
schoolbook,NA,8192,4,2326500
karatsuba,1,8192,4,44621800
karatsuba,4,8192,4,7270000
karatsuba,8,8192,4,3509600
karatsuba,16,8192,4,1312900
karatsuba,32,8192,4,975200
karatsuba,64,8192,4,929300
schoolbook,NA,16384,0,9610600
karatsuba,1,16384,0,158275200
karatsuba,4,16384,0,22570200
karatsuba,8,16384,0,8493000
karatsuba,16,16384,0,4957400
karatsuba,32,16384,0,2524100
karatsuba,64,16384,0,2503200
schoolbook,NA,16384,1,9423200
karatsuba,1,16384,1,146806800
karatsuba,4,16384,1,23772900
karatsuba,8,16384,1,8585200
karatsuba,16,16384,1,6498000
karatsuba,32,16384,1,3077500
karatsuba,64,16384,1,2328100
schoolbook,NA,16384,2,7598800
karatsuba,1,16384,2,136189100
karatsuba,4,16384,2,23013400
karatsuba,8,16384,2,8427200
karatsuba,16,16384,2,4550200
karatsuba,32,16384,2,3634700
karatsuba,64,16384,2,4572200
schoolbook,NA,16384,3,8178500
karatsuba,1,16384,3,136849600
karatsuba,4,16384,3,24293200
karatsuba,8,16384,3,10435900
karatsuba,16,16384,3,5497800
karatsuba,32,16384,3,4412200
karatsuba,64,16384,3,3209500
schoolbook,NA,16384,4,8339700
karatsuba,1,16384,4,143242100
karatsuba,4,16384,4,26022500
karatsuba,8,16384,4,8140300
karatsuba,16,16384,4,5199600
karatsuba,32,16384,4,2653800
karatsuba,64,16384,4,2514300
schoolbook,NA,32768,0,33034200
karatsuba,1,32768,0,523242700
karatsuba,4,32768,0,79830300
karatsuba,8,32768,0,31037100
karatsuba,16,32768,0,16244800
karatsuba,32,32768,0,11207200
karatsuba,64,32768,0,10427600
schoolbook,NA,32768,1,39921800
karatsuba,1,32768,1,480961100
karatsuba,4,32768,1,81935100
karatsuba,8,32768,1,29749100
karatsuba,16,32768,1,14622800
karatsuba,32,32768,1,10615200
karatsuba,64,32768,1,9273500
schoolbook,NA,32768,2,42359700
karatsuba,1,32768,2,458761200
karatsuba,4,32768,2,102077300
karatsuba,8,32768,2,40624800
karatsuba,16,32768,2,13004700
karatsuba,32,32768,2,8909200
karatsuba,64,32768,2,10039700
schoolbook,NA,32768,3,43554100
karatsuba,1,32768,3,596565200
karatsuba,4,32768,3,84280100
karatsuba,8,32768,3,37489800
karatsuba,16,32768,3,18876800
karatsuba,32,32768,3,12660100
karatsuba,64,32768,3,12678800
schoolbook,NA,32768,4,39054500
karatsuba,1,32768,4,508645900
karatsuba,4,32768,4,75506600
karatsuba,8,32768,4,25423200
karatsuba,16,32768,4,14997600
karatsuba,32,32768,4,11548900
karatsuba,64,32768,4,10417000
schoolbook,NA,65536,0,162102600
karatsuba,1,65536,0,1786821800
karatsuba,4,65536,0,359093300
karatsuba,8,65536,0,147158900
karatsuba,16,65536,0,75395300
karatsuba,32,65536,0,46076200
karatsuba,64,65536,0,39721600
schoolbook,NA,65536,1,221417600
karatsuba,1,65536,1,1880748500
karatsuba,4,65536,1,243808200
karatsuba,8,65536,1,115291900
karatsuba,16,65536,1,71571100
karatsuba,32,65536,1,43564100
karatsuba,64,65536,1,39081500
schoolbook,NA,65536,2,187371100
karatsuba,1,65536,2,1665463300
karatsuba,4,65536,2,320360500
karatsuba,8,65536,2,112912800
karatsuba,16,65536,2,55524200
karatsuba,32,65536,2,36737700
karatsuba,64,65536,2,37034200
schoolbook,NA,65536,3,198782500
karatsuba,1,65536,3,1875346600
karatsuba,4,65536,3,377068800
karatsuba,8,65536,3,142011300
karatsuba,16,65536,3,73169600
karatsuba,32,65536,3,56039300
karatsuba,64,65536,3,42256300
schoolbook,NA,65536,4,228465500
karatsuba,1,65536,4,2057592400
karatsuba,4,65536,4,257336700
karatsuba,8,65536,4,108287300
karatsuba,16,65536,4,58611600
karatsuba,32,65536,4,39224300
karatsuba,64,65536,4,34681400
